age/h-20.jpg,male
age/20-11.jpg,female
age/14-8.jpg,male
age/20-19.jpg,female
age/h-9.jpg,male
age/20-37.jpg,female
age/20-45.jpg,female
age/18-16.jpg,female
age/20-28.jpg,female
age/h-24.jpg,male
age/18-4.jpg,female
age/18-8.jpg,male
age/20-47.jpg,female
age/14-10.jpg,male
age/h-10.jpg,male
age/20-46.jpg,female
age/18-18.jpg,male
age/20-48.jpg,female
age/20-43.jpg,female
age/10-3.jpg,male
age/h-17.jpg,male
age/20-18.jpg,female
age/h-1.jpg,male
age/18-1.jpg,female
age/18-13.jpg,female
age/18-10.jpg,female
age/20-24.jpg,female
age/h-6.jpg,male
age/20-3.jpg,female
age/h-18.jpg,male
age/20-39.jpg,female
age/h-14.jpg,male
age/20-6.jpg,female
age/10-5.jpg,female
age/20-27.jpg,female
age/20-30.jpg,female
age/h-16.jpg,male
age/20-36.jpg,female
age/10-1.jpg,female
age/20-31.jpg,female
age/20-41.jpg,female
age/20-29.jpg,female
age/20-21.jpg,female
age/18-9.jpg,male
age/h-5.jpg,male
age/h-13.jpg,male
age/20-5.jpg,female
age/20-33.jpg,female
age/20-23.jpg,female
age/10-9.jpg,female
age/10-2.jpg,male
age/h-15.jpg,male
age/14-4.jpg,male
age/10-7.jpg,male
age/20-14.jpg,female
age/h-11.jpg,male
age/h-3.jpg,male
age/h-23.jpg,male
age/14-3.jpg,female
age/18-6.jpg,female
age/20-1.jpg,female
age/20-4.jpg,female
age/18-12.jpg,female
age/20-7.jpg,female
age/20-10.jpg,female
age/h-4.jpg,male
age/20-13.jpg,female
age/h-8.jpg,male
age/20-38.jpg,female
age/20-26.jpg,female
age/20-49.jpg,female
age/20-40.jpg,female
age/14-5.jpg,male
age/20-22.jpg,female
age/20-16.jpg,female
age/14-1.jpg,female
age/h-22.jpg,male
age/18-3.jpg,male
age/10-8.jpg,male
age/20-25.jpg,female
age/20-50.jpg,female
age/18-5.jpg,female
age/20-44.jpg,female
age/14-2.jpg,female
age/h-12.jpg,male
age/h-21.jpg,male
age/20-42.jpg,female
age/20-20.jpg,female
age/14-9.jpg,male
age/h-7.jpg,male
age/20-8.jpg,female
age/18-7.jpg,male
age/10-6.jpg,male
age/14-6.jpg,female
age/20-2.jpg,female
age/14-7.jpg,male
age/18-15.jpg,female
age/h-2.jpg,male
age/18-14.jpg,male
age/10-10.jpg,female
age/20-12.jpg,female
age/18-2.jpg,female
age/14-12.jpg,male
age/20-15.jpg,female
age/20-35.jpg,female
age/20-34.jpg,female
age/20-32.jpg,female
age/18-11.jpg,male
age/h-19.jpg,male
age/20-17.jpg,female
age/14-11.jpg,male
age/18-17.jpg,male
age/h-25.jpg,male
age/10-4.jpg,female