image/12.jpg,seul
image/121.jpg,aucun
image/25.jpg,plusieur
image/9.jpg,plusieur
image/120.jpg,aucun
image/43.jpg,seul
image/106.jpg,aucun
image/64.jpg,seul
image/123.jpg,aucun
image/71.jpg,seul
image/70.jpg,plusieur
image/67.jpg,seul
image/69.jpg,seul
image/33.jpg,seul
image/57.jpg,seul
image/134.jpg,aucun
image/0.jpg,seul
image/5.jpg,seul
image/10.jpg,seul
image/84.jpg,seul
image/125.jpg,aucun
image/35.jpg,seul
image/132.jpg,aucun
image/26.jpg,plusieur
image/6.jpg,plusieur
image/89.jpg,seul
image/34.jpg,seul
image/104.jpg,aucun
image/18.jpg,seul
image/105.jpg,aucun
image/114.jpg,seul
image/111.jpg,aucun
image/52.jpg,seul
image/76.jpg,seul
image/99.jpg,plusieur
image/74.jpg,seul
image/16.jpg,seul
image/21.jpg,seul
image/50.jpg,plusieur
image/137.jpg,aucun
image/88.jpg,seul
image/109.jpg,aucun
image/75.jpg,plusieur
image/51.jpg,seul
image/24.jpg,seul
image/22.jpg,seul
image/29.jpg,plusieur
image/44.jpg,seul
image/92.jpg,plusieur
image/72.jpg,seul
image/73.jpg,seul
image/112.jpg,aucun
image/108.jpg,aucun
image/30.jpg,seul
image/23.jpg,plusieur
image/98.jpg,seul
image/103.jpg,aucun
image/2.jpg,seul
image/19.jpg,seul
image/49.jpg,seul
image/31.jpg,plusieur
image/131.jpg,aucun
image/91.jpg,seul
image/39.jpg,plusieur
image/55.jpg,seul
image/8.jpg,seul
image/93.jpg,seul
image/40.jpg,plusieur
image/38.jpg,plusieur
image/46.jpg,plusieur
image/42.jpg,seul
image/14.jpg,seul
image/115.jpg,aucun
image/86.jpg,seul
image/68.jpg,plusieur
image/83.jpg,plusieur
image/133.jpg,aucun
image/61.jpg,plusieur
image/80.jpg,plusieur
image/101.jpg,aucun
image/32.jpg,plusieur
image/4.jpg,seul
image/124.jpg,aucun
image/20.jpg,plusieur
image/118.jpg,aucun
image/48.jpg,plusieur
image/17.jpg,seul
image/66.jpg,seul
image/113.jpg,aucun
image/130.jpg,aucun
image/59.jpg,seul
image/102.jpg,aucun
image/79.jpg,seul
image/85.jpg,seul
image/15.jpg,seul
image/77.jpg,plusieur
image/47.jpg,seul
image/128.jpg,aucun
image/126.jpg,aucun
image/45.jpg,seul
image/82.jpg,seul
image/107.jpg,aucun
image/28.jpg,seul
image/54.jpg,seul
image/116.jpg,aucun
image/27.jpg,seul
image/95.jpg,seul
image/90.jpg,plusieur
image/119.jpg,aucun
image/94.jpg,plusieur
image/97.jpg,seul
image/78.jpg,seul
image/129.jpg,aucun
image/53.jpg,seul
image/135.jpg,aucun
image/100.jpg,aucun
image/1.jpg,seul
image/58.jpg,seul
image/3.jpg,plusieur
image/110.jpg,aucun
image/81.jpg,plusieur
image/127.jpg,aucun
image/63.jpg,seul
image/117.jpg,aucun
image/36.jpg,seul
image/65.jpg,seul
image/87.jpg,plusieur
image/60.jpg,seul
image/136.jpg,aucun
image/62.jpg,seul
image/7.jpg,seul
image/11.jpg,seul
image/56.jpg,plusieur
image/96.jpg,seul
image/41.jpg,plusieur
image/37.jpg,seul
image/13.jpg,seul
image/122.jpg,aucun
